{"schemaVersion":"1.0","appDefinitionTemplate":{"id":"/providers/Microsoft.PowerApps/apps/","type":"Microsoft.PowerApps/apps","tags":{"primaryDeviceWidth":"1366","primaryDeviceHeight":"768","supportsPortrait":"true","supportsLandscape":"true","primaryFormFactor":"Tablet","showStatusBar":"false","publisherVersion":"3.25065.7","minimumRequiredApiVersion":"2.2.0","hasComponent":"false","hasUnlockedComponent":"false","isUnifiedRootApp":"false","sienaVersion":"20250721T033129Z-3.25065.7.0"},"properties":{"appVersion":"2025-07-21T03:31:29Z","lifeCycleId":"Published","createdByClientVersion":{"major":3,"minor":25065,"build":7,"revision":0,"majorRevision":0,"minorRevision":0},"minClientVersion":{"major":3,"minor":25065,"build":7,"revision":0,"majorRevision":0,"minorRevision":0},"backgroundColor":"RGBA(0,176,240,1)","backgroundImageUri":"/15508845429964181105/N224ec963-9ac3-4b5b-b5aa-ffec61873c1d-logoSmallFile","displayName":"FabricSQLApp","description":"","commitMessage":"","appUris":{"documentUri":{"value":"/15508845429964181105/Nfbf55aae-96c6-4fa0-aa2b-e9b185d17fbc-document.msapp"},"imageUris":[],"additionalUris":[{"isSolutionAware":false,"value":"/15508845429964181105/Nf19f964b-e883-41b9-9fc5-6b76b0d08156-identity.json"}]},"createdTime":"0001-01-01T00:00:00Z","lastModifiedTime":"0001-01-01T00:00:00Z","sharedGroupsCount":0,"sharedUsersCount":0,"connectionReferences":{"fce74a37-0211-4503-ad47-dad18226fb71":{"id":"247f434a-501b-4173-8d8f-65b6ed0e72ca","displayName":"SQL Server","iconUri":"https://conn-afd-prod-endpoint-bmc9bqahasf3grgk.b01.azurefd.net/releases/v1.0.1746/1.0.1746.4174/sql/icon.png","dataSources":["[SalesLT].[Customer]"],"dependencies":[],"dependents":[],"parameterHints":{},"parameterHintsV2":{},"isOnPremiseConnection":false,"bypassConsent":false,"dataSets":{"iyt7yrl652aebd6pohdhax2xqm-jmoqqksrtv5eviy3cenwh4x32a.database.fabric.microsoft.com,FabricTwo-8426f221-da91-4afa-9905-4ed888a91fcb":{"dataSources":{"[SalesLT].[Customer]":{"tableName":"[SalesLT].[Customer]"}}}},"apiTier":"Premium","isCustomApiConnection":false,"authenticationType":"oauth","actions":["providers/PowerPlatform.Governance/Operations/Read","providers/PowerPlatform.Governance/Operations/Write","providers/PowerPlatform.Governance/Operations/Delete"],"endpoints":[]}},"databaseReferences":{},"almMode":"Solution","performanceOptimizationEnabled":true,"canConsumeAppPass":true,"enableModernRuntimeMode":false,"executionRestrictions":{"isTeamsOnly":false,"dataLossPreventionEvaluationResult":{"status":"Compliant","lastEvaluationDate":"2025-07-21T03:31:32.6318483Z","violations":[],"violationsByPolicy":[],"violationErrorMessage":"The app uses the following connectors: shared_sql."}}},"isAppComponentLibrary":false,"appType":"ClassicCanvasApp","appComponents":[]}}